Kneebody;jazz
Ghost and the City;
Nine Pound Shadow;unsigned
The Legendary Shack Shakers;psychobilly
The Brains;psychobilly
The Growlers;surf rock
Dark Star Orchestra;seen live
Simple Creation;
Clear Conscience;reggae
Two Peace;
Avi Vinocur;seen live
Kan Wakan;Progressive rock
Israel Vibration;reggae
Hunter/Game;electronic
Benjamin K;fantastic
Ottmar Liebert & Luna Negra;
Ottmar Liebert;Flamenco
Michael Manring;bass
Todd Boston;new age
Celso Alberti;
Alan Iglesias & Crossfire;
Gladiators ;
KingHopeton;reggae
Droop Lion;reggae
The Nile Project;seen live
Elephant Revival ;
Dead Horses;folk
DVBBS;House
The Infamous Stringdusters;bluegrass
Horseshoes and Hand Grenades;
Lilan Kane;jazz
Electric Citizen;Psychedelic Rock
Acid King;doom metal
San Francisco Symphony;Classical
The Chieftains;celtic
Soul Mechanix;
Edo Castro;bass
The Hodges;
Danny Barnes;bluegrass
Reva DeVito;jazz
Dumbfoundead;Hip-Hop
Holus Bolus;
Scott Amendola;jazz
Nels Cline;jazz
Jenny Scheinman;jazz
Jeff Parker;jazz
John Shifflett;
Stu Allen;happy hardcore
Phil Lesh;seen live
The Terrapin Family Band;
Scott Padden;
Jason Movrich;
Broun Fellinis;jazz
Hunter/Game;electronic
Chris Robinson Brotherhood;Southern Rock
Alterbeast;Technical Death Metal
Aenimus;deathcore
Aethere;dark ambient
Depths Of Hatred;deathcore
Lucy Kaplansky;folk
Elvin Bishop;blues
Tom Rhodes;comedy
Matthew Stewart;
Adam Traum;
Michael Mcnevin;indie
Deborah Crooks;rock
Dark Star Orchestra;
The Quiet Men ;
Pigeons Playing Ping Pong;funk
Organ Freeman;seen live
LÉON;
Jacob Banks;soul
Tainted Love;tainted love
The Growlers;surf rock
Alec Hutson;
Brothers Prince;
The Legendary Shack Shakers;psychobilly
The Brains;psychobilly
BPos;
Michael Marshall;soul
Equipto;Bay Area
Pop Fiction;
Pacific Dub;reggae
Brewfish;
Tunnel Vision;post-punk
The Bunny The Bear;post-hardcore
Particle;Jam
Newton Crosby;
Wig Party;
Carter Hulsey;acoustic
American Opera;folk
Lemuria;pop punk
Mikey Erg;seen live
Brick + Mortar;
Chuck Loeb;Smooth Jazz
Gerald Veasley ;
The City;rock
Eaves;screamo
Colin O'Brien;
Tim Mahoney;seen live
SisterMonk;
Black Landlord;Hip-Hop
Goose;seen live
Mihali Savoulidis;
That 1 Guy;seen live
Beth Hart;female vocalists
Reed Mathis and Electric Beethoven;
Reverend Billy C. Wirtz;seen live
The Nighthawks;blues
Trombone Shorty & Orleans Avenue ;seen live
Funky Dawgz Brass Band;jazz
June Divided;alternative rock
Mercury Girls;noise
Antibalas ;
Meat Wave;punk
Anna Wise;Hip-Hop
Get The Led Out;
Bouncing Souls;punk
¡MAYDAY!;
Common Kings;reggae
Makua Rothman;reggae
Kill Alters;
Mortified;death metal
Jazz Is Phsh;
Catherine Russell;jazz
Beth Israel;noise
Palm;hardcore
Joe Pug;folk
Vasudeva;post-rock
Tancred;indie
Teen Daze;chillwave
Mozart's Sister;seen live
Cuddle Magic;seen live
Margaret Glaspy;indie
Tchami;House
Tim Palmieri;
Club cheval;seen live
Michna;electronic
Claude VonStroke;minimal
kLL sMTH;glitch-hop
Barclay Crenshaw;Hip-Hop
Kaytranada;Hip-Hop
The Falling Birds;
New York Philharmonic Orchestra;Classical
Tim Gysin;
Whiskey Myers;Southern Rock
Goodbye June;indie
Matt Rae Trio;
Tangiers Blues Band;seen live
Peter Levin;
Big Daddy Kane;Hip-Hop
Kool G Rap;Hip-Hop
Assembly of Dust;jam band
Pepper;reggae
Less Than Jake;ska
The Grahams;sxsw 2015
The Machine (Pink Floyd Tribute);
Wag;J-rock
Alex English;metal
SKisM;dubstep
Girls & Boys;
TrollPhace;dubstep
Rick Astley;pop
Trampa;dubstep
Michael Bolton;pop
Stephanie Mills    ;
Steve Hackett;Progressive rock
Viza;alternative metal
Arizona;indie
Kevin Garrett;electronic
Slim Cessna's Auto Club;Alt-country
Amigo the Devil;folk
Crocodiles;shoegaze
Paper Bird;singer-songwriter
Laura Burhenn;indie
The Quiet;under 2000 listeners
VerBS;Hip-Hop
Noa James;
Dada;rock
7Horse;rock
The Drunken Hearts;
Stranger Things;eletronic
Aria;heavy metal
DED;numetal
Problem;rap
Them Jeans;electronic
Destruct;street punk
The Body Rampant;los angeles
Strawberry Girls;math rock
Chad Valley;chillwave
Computer Magic;synthpop
Jonny Fritz;country
Dre;rap
KingHopeton;reggae
Droop Lion;reggae
Annie Sellick;jazz
Dobet Gnahore;african
Sara Niemietz;pop
Which One's Pink? a tribute to Pink Floyd;
Wild Ride;hard rock
David Cassidy;pop
Shiver;Psychedelic Rock
Shotty;rock
He Whose Ox Is Gored;post-hardcore
The Infamous Stringdusters;bluegrass
Horseshoes and Hand Grenades;
Downtown Brown;butt funk
The Phenomenauts;psychobilly
Mustard Plug;ska
La Santa Cecilia;latin
Avi Buffalo;indie
So Many Wizards;indie
Kan Wakan;Progressive rock
LÉON;
Jacob Banks;soul
Adriana;Catolica
Rainbow Arabia;psychedelic
David Cassidy;pop
Palmistry;seen live
Los Angeles Philharmonic;Classical
Ravyn Lenae;rnb
Noname;Hip-Hop
Fabolous;Hip-Hop
Pato Banton;reggae
Dumbfoundead;Hip-Hop
The Rural Alberta Advantage;Canadian
Mt. Joy;
Uli Jon Roth ;
Priests;punk rock
Stef Chura;seen live
L.A. Girlfriend;electronic
VS Colour;
Mind Meld;
Palms;post-rock
Smoke Season;indie
Sam Outlaw;country
Moth;post-punk
Matt Woods;emo
Frenship;electronic
Tash Sultana;indie
Moses Uvere;Dirty South
Project 86;hard rock
Disciple;christian rock
Seventh Day Slumber;christian rock
Random Hero;alternative rock
Scarlet White;alternative rock
MxPx;punk
HeartByrne;
Max Stalling;country
Tacocat;Garage Rock
Daddy Issues;garage
Shooter Jennings;country
Waymores Outlaws;
Al Di Meola;jazz
G. Love & Special Sauce;blues
Yonder Mountain String Band;bluegrass
Whiskeydick;country
Moses Uvere;Dirty South
Birds Of Night;
Polyphia;Progressive metal
Covet;math rock
Jason Richardson;instrumental
Fea;punk
Blue;pop
Zhora;electronic
Blue, The Misfit;
MxPx;punk
Delbert McClinton;blues
The Sideshow Tragedy;Bandcamp
3Eighty3;
Mothership;Stoner Rock
Justin Furstenfeld;seen live
Eric Tessmer Band;blues
The Griswolds;indie
Dreamers;electro
Boxcar Bandits;texas
Norah Jones;jazz
The Flatlanders;country
Boz Scaggs;classic rock
Charlie Sexton;rock
Terry Allen;country
Robert Ellis ;
The Candles;seen live
Nikki Lane;country
Adriel Denae;
Erika Wennerstrom;seen live
Paul Cauthen;country
Alison Mosshart;rock
Jonathan Tyler;rock
Yes;Progressive rock
Ricki Derek;2010 Dallas Observer Music Awards nominee
Greg Schroeder;
George Quartz;under 2000 listeners
Drew Kennedy;country
Hawthorne Heights;emo
Secondhand Serenade;acoustic
Red Jumpsuit Apparatus;alternative
Kenny Holland;pop
Ronnie Winter ;
Blue October;alternative rock
Justin Furstenfeld;seen live
Jonathan Richman;indie
Sting;rock
Joe Sumner;
The Last Bandoleros;seen live
STRFKR (Starfucker);electronic
Psychic Twin;indie pop
The Funky Knuckles;
Entropy;thrash metal
Suicide Silence;deathcore
Plague Vendor;indie rock
The Loafers;ska
Surfer Blood;seen live
Wilderado;
CoLab;rock
County Rexford;
The Nobodys;80s
Twenty One Pilots;electronic
Judah & The Lion;
Expire;hardcore
Bent Life;hardcore
Metal Church;heavy metal
Isaiah Rashad;Hip-Hop
Jay IDK;Hip-Hop
Null;noise
Amos Lee;singer-songwriter
Bon Jovi;rock
Boxcar Bandits;texas
DevilDriver;metalcore
Winds Of Plague ;
The Agonist;metalcore
Death Angel;thrash metal
Gretchen Peters;country
Lang Lang;piano
The Rockin' Jake Band;blues
The Holidazed;
The Manhattan Transfer;jazz
Mark Thompson;lesser known yet streamable artists
Gretchen Peters;country
Svetlana Smolina;
Bruce Katz Band;jazz
Bruce Katz;jazz
Ocean Disco;
Gretchen Peters;country
XXYYXX;chillwave
Polyphia;Progressive metal
Covet;math rock
Jason Richardson;instrumental
Ladysmith Black Mambazo;african
Crazy Fingers;reggae
Micah Scott;
Justin Hayward;classic rock
Mike Dawes;acoustic
Save Ferris;ska
Slip and The Spinouts;electronic
Harper;blues
Albert Castiglia;blues
Ladysmith Black Mambazo;african
Gretchen Peters;country
Grandpa's Cough Medicine;country
Angel Olsen;folk
Charlotte Day Wilson;seen live
Bodhisattva;experimental
Donna The Buffalo;americana
Fireside Prophets;
JP Soars and the Red Hots;blues
Agent Orange;punk
The Queers;punk
Guttermouth;punk
The Atom Age;punk
Essence;thrash metal
Lucinda Williams;Alt-country
Chick Corea;jazz
JT Lewis;
Slip and The Spinouts;electronic
Joey Gilmore;blues
Gretchen Peters;country
7 Below - A Tribute to Phish;
Twocan Blue;
Lee Greenwood;country
Pell;Hip-Hop
Goldlink;electronic
SoleMark;
Micah Scott;
Maynard Ferguson;jazz
Tori Lynn;
Agent Orange;punk
The Queers;punk
Guttermouth;punk
The Atom Age;punk
Albert Castiglia;blues
Devendra Banhart;folk
H. Hawkline;psychedelic
The Holidazed;
Jackie Evancho;classical crossover
Sting;rock
Joe Sumner;
The Last Bandoleros;seen live
Ladysmith Black Mambazo;african
Tony Bennett;jazz
Penny & Sparrow;
Joe Bonamassa;blues rock
Colin Hay;acoustic
Andy McKee;acoustic
The Manhattan Transfer;jazz
Southern Culture On The Skids;rockabilly
Lovebettie;alternative rock
Ceschi;experimental hip-hop
Skyview;indie
Mindi Abair ;
Brent Byrd;
El Dub;rock
Ocean Disco;
Jonathan Richman;indie
Dale Watson;country
Elizabeth Cook;country
Ace Winn;indie rock
Billy Buchanan;christian
Kansas;classic rock
Foreigner;classic rock
Baystreet;
matt ray;jazz piano
Lemuria;pop punk
Cayetana;indie rock
Mikey Erg;seen live
Dikembe;emo
Rosehill;
The Groove Orient;seen live
Brent Byrd;
Ocean Disco;
Pepper;reggae
Less Than Jake;ska
Luke Bryan;country
Brett Eldredge;country
Brett Young;country
Old 97's;Alt-country
Bottle Rockets;Alt-country
Ellis Paul;folk
Drivin' n' Cryin'   ;
matt ray;jazz piano
Jonathan Richman;indie
Michael Jordan;under 2000 listeners
Dennis DeYoung    ;
Agent Orange;punk
The Queers;punk
Guttermouth;punk
The Atom Age;punk
Expire;hardcore
Homewrecker;hardcore
Southern Culture On The Skids;rockabilly
Kolars;
That 1 Guy;seen live
Justin Hayward;classic rock
Mike Dawes;acoustic
Amos Lee;singer-songwriter
Big Mean Sound Machine;afrobeat
Marc Cohn;singer-songwriter
OG Maco;Hip-Hop
Levi Carter;
Giant Panda Guerilla Dub Squad;dub
Big Sam's Funky Nation;funk
The Expanders;reggae
Holey Miss Moley;
Walker Lukens;rock
Jimmy Eat World;rock
Rick Springfield;80s
Pierce Pettis;folk
Tatanka;hardstyle
Giant Panda Guerilla Dub Squad;dub
Devendra Banhart;folk
H. Hawkline;psychedelic
Big Gigantic;electronic
Brasstracks;
Eisley;indie
Paper Route;indie
Matt Pryor (Get Up Kids);
Dan Andriano In The Emergency Room;acoustic
Daye Jack;Hip-Hop
Sticky Fingers;australian
K.Flay;Hip-Hop
Stephen Lynch;comedy
Muddy Magnolias;soul
Devendra Banhart;folk
H. Hawkline;psychedelic
Al Smith;blues
Gregg Erwin;
McLovins;seen live
Candlebox;Grunge
The Griswolds;indie
Robert Ellis ;
Lost Elysium;hard rock
Elizabeth Cook;country
Quaker City Night Hawks;Southern Rock
The Cadillac Three;USA
Us The Duo;Soundtrack
Hailey Knox;pop
Cosmic Charlie;
Project Pat;rap
Juicy J;Hip-Hop
Belly;alternative
Joe Buck Yourself;cowpunk
Gregg Erwin;
Dierks Bentley ;
Cole Swindell;country
Jon Pardi;country
Cayetana;indie rock
Mikey Erg;seen live
Sick Of It All;hardcore
Lemuria;pop punk
Colin Hay;acoustic
Tab Benoit;blues
Col. Bruce Hampton;40watt Club
(Hed) P.E.;rapcore
Flaw;Nu Metal
Motograter;Nu Metal
Brent Cobb;country
Nikki Lane;country
Jonathan Tyler;rock
BoomBox;funk
Marvel Years;electronic
Trademark;pop
Zydefunk;
Blair Crimmins and The Hookers;jazz
Jon Stickley Trio;jazz
Banditos;Hardtek
The Orange Constant;
Little Bird;House
Morning Fatty;reggae
Martina McBride ;country
Lauren Alaina;country
The FA-Q Alliance;
Colin Hay;acoustic
Polyphia;Progressive metal
Pepper;reggae
Less Than Jake;ska
Set Your Goals;pop punk
Can't Swim;pop punk
Hard Luck And Trouble;
Righteous Vendetta;metalcore
Loudon Wainwright III;folk
Peter Bradley Adams;singer-songwriter
Tab Benoit;blues
Cody Webb;country
Powers;pop
Manila Killa;mashup
Louis The Child;electronic
Advance Base;Lo-Fi
Robbie Fulks;country
Valerie June;folk
Oh Pep!;folk
Ron Gallo;under 2000 listeners
Modern Vices;indie rock
Zebo;Ragga Jungle
Valerie June;folk
Oh Pep!;folk
Spare Parts;seen live
John Andrews & The Yawns;
Hand Habits;bedroom
Jacob Green;rock
River Water Tribe;blues
Air Supply;80s
Ana Popovic;blues
Pkew Pkew Pkew;seen live
Electric Citizen;Psychedelic Rock
William Control;darkwave
Palaye Royale;rock n roll
Andy Black;rock
Davis/Peplin Duo;
FURY;hardcore
Rah Digga;Hip-Hop
Dave Herrero;blues
Pete Galanis;
DJ Sin;electro
DJ Trilogy;
Martin Sexton;singer-songwriter
¡MAYDAY!;
Common Kings;reggae
The Jauntee;under 2000 listeners
Cycles;hardcore
Soulphonetics;
Leroy Sanchez;acoustic
All Get Out;indie rock
You Blew It!;emo
Free Throw;emo
Wilco;Alt-country
Flat Five;seen live
The Brother Brothers;folk
Lil' Ed;blues
Jake Xerxes Fussell;folk
James Elkington;
Mike Felten;
Casting Crowns;christian
Danny Gokey;American Idol
Leroy Sanchez;acoustic
Lou Gramm;rock
David Singer and the Sweet Science;indie rock
Mark Taylor;detroit techno
Sinkane;experimental
Rocket Miner;post-rock
KamiKazee Vigilante;
Jamey Johnson;country
Chris Hennessee;seen live
Devil in A Woodpile;Alt-country
Darkest Hour;metalcore
Rotten Sound;grindcore
Rivers of Nihil;Technical Death Metal
Ringworm;hardcore
Wilco;Alt-country
Jake Xerxes Fussell;folk
Sad Brad Smith;folk
Quiet Hollers;seen live
Frederick The Younger;
Slushii;electronic
Savoy;norwegian
antics;indie
Borgeous;electronic
Lil' Ed;blues
Harlan Lee Terson;
Tony Mangiullo;
Sumito Ariyo Ariyoshi;
Kaia Fowler;
Lily & Madeleine;indie
Unity The Band;
Chicago Symphony Orchestra;Classical
Whitney Rose;country
Aaron Diehl;jazz
Aegaeon;deathcore
Os Mutantes;psychedelic
Aaron Diehl;jazz
Potty Mouth;punk
Party Baby;
Ben Miller;improv
Valerie June;folk
Oh Pep!;folk
Creepshow;psychobilly
Gallows Bound;punk
Project Pat;rap
All Get Out;indie rock
You Blew It!;emo
Free Throw;emo
Davina & The Vagabonds;
Greg Fox;experimental
Too Close To Touch;post-hardcore
Creeper;funk metal
Waterparks;pop punk
Dead Horse Trauma;Nu Metal
Joe Marcinek Band;
Thundercat;electronic
Savoy;norwegian
Amanda Standalone;
Brian Naughton;bluesrock
Davina & The Vagabonds;
Borgeous;electronic
Cam;trip-hop
Maria Isa;Latin Rap
Montgomery Gentry;country
Kind Country;
New Sound Underground;
The Dang Ol' Tri'ole;
Crankshaft;demoscene
The Dichotomy ;
The Morning Kings;
Scottie Miller;blues
Lotus;electronic
JackLNDN;House
Karma Sutra;anarcho-punk
Chris Eldridge;
Julian Lage;jazz
Rezz;electronic
theSHIFT;
Lettuce;funk
The Russ Liquid Test;
Dropkick Murphys;punk
The Jason Dixon Line;
Darkest Hour;metalcore
Rotten Sound;grindcore
Rivers of Nihil;Technical Death Metal
Ringworm;hardcore
Steve Kaul & The Brass Kings;
The Pistol Whippin' Party Penguins;Minnesota
Corpse Reviver;
Fort Wilson Riot;seen live
Step Rockets;indie
The Jauntee;under 2000 listeners
Cycles;hardcore
Aaron Lewis;alternative rock
Emmure;metalcore
After the Burial;metalcore
Fit For A King;metalcore
Fit For An Autopsy;deathcore
Invent, Animate;metalcore
Jacuzzi Puma;
The Blinds;seen live
The Japanese House;seen live
Nine Pound Shadow;unsigned
Electric Guest;indie pop
Chad Valley;chillwave
Computer Magic;synthpop
Jake Miller;rap
Hartford Jazz Orchestra;
Uncle Johnny's Band;
Cuddle Magic;seen live
Josh Garrels;folk
John Mark McMillan;indie
Lisa Hannigan;folk
Heather Woods Broderick;folk
Cuddle Magic;seen live
Outasight ;
CUZ;experimental
The Gaslamp Killer;experimental
Run The Jewels;Hip-Hop
Spark Master Tape;Hip-Hop
Cattle Decapitation;grindcore
Goatwhore;black metal
Whitechapel;deathcore
Allegaeon;Melodic Death Metal
Necromancing The Stone;heavy metal
David Duchovny;rock
Cuddle Magic;seen live
The Cab;pop punk
Noah Lehrman;
Bell X1;irish
Withered;death metal
Immortal Bird;death metal
The Way Out;indie
No Joy;shoegaze
GZA ;
Dead Man Winter;Alt-country
John Colvert;folk
Beth Hart;female vocalists
Ms. Lauryn Hill;soul
Tribal Seeds;reggae
Nattali Rize & Notis;reggae
Raging Fyah;reggae
SonReal;Hip-Hop
Gin Blossoms;alternative
Joe Moss Band;blues
Kap G;Hip-Hop
J.R. Donato;
Mickey Avalon;Hip-Hop
The Dig;seen live
Communist Daughter;indie
We The Kings;pop punk
Hail The Sun;post-hardcore
Dayseeker;post-hardcore
Silent Planet;metalcore
Ghost Key;melodic hardcore
Rose Cousins;folk
Cute Is What We Aim For;pop punk
Fred Eaglesmith;Alt-country
Sons Of An Illustrious Father;indie
Skyfoot;
Cold Engines;
Gin Blossoms;alternative
Vallis Alps;indie
The Vanguard;under 2000 listeners
Colorway;
The Alchemystics;Hip-Hop
Matt York;acoustic
Victor Wooten;jazz
Charlie Keating Band;
Panic! at the Disco;rock
Saint Motel;indie
Misterwives;indie
Fancy Trash;seen live
DJ Carbo;seen live
Muna;indie
Tribal Seeds;reggae
Nattali Rize & Notis;reggae
Raging Fyah;reggae
CUZ;experimental
The Gaslamp Killer;experimental
Nick Hook;electronic
Run The Jewels;Hip-Hop
Spark Master Tape;Hip-Hop
Gangsta Boo;rap
Body & Soul;new wave
Sheepdip;
Rocknoceros;localsupport
G-Nome Project;
Definition of One;
Surprise Attack;
Albert Lee;country
Black Joe Lewis;blues
Deaf Scene;indie
Hayley Jane and the Primates;folk
Big Gigantic;electronic
Brasstracks;
Famous Dex;trap
Black Joe Lewis;blues
John Doe;metalcore
Funky Finger;
Melissa Greener;under 2000 listeners
Lemuria;pop punk
Cayetana;indie rock
Mikey Erg;seen live
That 1 Guy;seen live
Pepper;reggae
Less Than Jake;ska
CaZ;vocaloid
Prince Fox;
Stephen Kellogg ;
Davy Knowles;blues-rock
Horse Lords;Experimental Rock
Palm;hardcore
Hamilton Leithauser;seen live
Lucy Dacus;seen live
The Dirty Dozen Brass Band;jazz
The Get Right Band;
Clay Cook;atlanta
Gang of Thieves;rock
BIJOU;rock
JEFF The Brotherhood;indie
River Whyless;folk
Mail the Horse;soul
The Piano Guys;instrumental
K.Flay;Hip-Hop
Jared & The Mill;
Paul Barrere and Fred Tackett Acoustic Duo;60s
Tedeschi Trucks Band;blues rock
Manatree;math rock
Thousand Foot Krutch ;alternative rock
Newsong;christian
Britt Nicole;pop
Tenth Avenue North;christian rock
Crowder;christian
Andy Mineo;Hip-Hop
Colton Dixon;American Idol
Strongwater;metal
George Clinton & Parliament Funkadelic;seen live
Until We Are Ghosts;melodic hardcore
Great American Ghost;hardcore
Lisa Hannigan;folk
Heather Woods Broderick;folk
whereisalex;trap
The-Dream;rnb
Eisley;indie
Backwards Dancer;
Pissed Jeans;noise rock
The Dirty Dozen Brass Band;jazz
The Get Right Band;
Spyro Gyra;jazz
The 19th Street Band;seen live
Vallis Alps;indie
Matt Maeson;
Prince Fox;
G-Nome Project;
Atlas Road Crew;
LITZ;hardcore melodico
Sun-Dried Vibes;Reggae Rock
Neili Neil;
TWRK;trap
Elephante;Rock en Espanol
Steve Brooks;
Miranda Lambert;country
Old Dominion;country
Aubrie Sellers;country
The Bayside Tigers;
Tennyson;electronic
The Joy Formidable;indie rock
Country Lips;seattle
Jessie Davis;jazz
Baseck;breakcore
clipping.;Hip-Hop
NightShade;Melodic Death Metal
Far Out West;
Barclay Crenshaw;Hip-Hop
Los Lobos;latin
Alter Bridge;rock
Nonpoint;Nu Metal
Nile;death metal
Overkill;thrash metal
Rubblebucket;indie
Chad Valley;chillwave
Computer Magic;synthpop
Jon Wayne and the Pain;reggae
Georgetown Orbits;Seattle Band
Gladiators ;
KingHopeton;reggae
Irie Lights;
Droop Lion;reggae
Los Lobos;latin
Born Of Osiris;deathcore
Within The Ruins;metalcore
Volumes;DJENT
Oceans Ate Alaska;metalcore
Fire From The Gods;deathcore
We Banjo 3;seen live
Palmistry;seen live
Lucero;Alt-country
Esme Patterson;
Swindler;
BES;Drum and bass
The Foghorns;Alt-country
The Social Animals;
Chicano Batman;rock
Sad Girl;alternative
79.5;
Zahara;spanish
Marmalade ;
Windfall;Melodic Death Metal
Lisa Prank;indie
Dude York;seen live
Mommy Long Legs;
Seattle Symphony;Classical
Hot Tuna;blues
The Rural Alberta Advantage;Canadian
Dawes;seen live
Los Lobos;latin
Dead Winter Carpenters;folk rock
Scott Law & Ross James' Cosmic Twang;
Anthony Presti;
Rum Rebellion;celtic punk
Lost Cat;post-punk
Van Eps;
David Flett;
feed;japanese
Meatbodies;Garage Rock
Abstract;Progressive metal
Yonas;hip hop
Hippo Campus;indie pop
Pacific Dub;reggae
Tunnel Vision;post-punk
Kash'd Out;
Nine Pound Shadow;unsigned
Electric Guest;indie pop
The Dusty 45s;rockabilly
Weyes Blood;folk
Whethan;pop
Adrian Xavier ;
The Cumbieros;
Mariachi Flor De Toloache;spanish
Hot Buttered Rum;bluegrass
Tim O'Brien ;
Otep;Nu Metal
Convalescence;metalcore
Ben Hammond;pop
Too Close To Touch;post-hardcore
Creeper;funk metal
Waterparks;pop punk
Gemini Syndrome;alternative metal
Otep;Nu Metal
Convalescence;metalcore
Reverend Horton Heat;psychobilly
Jello Biafra;punk
Supersuckers;rock
Reno Divorce;punk rock
Blind Pilot;folk
Ryley Walker;seen live
Thundercat;electronic
Tula;electronic
Authority Zero;punk
Reverend Horton Heat;psychobilly
Jello Biafra;punk
Supersuckers;rock
Reno Divorce;punk rock
The Lil' Smokies;terry seen live
Dead Horses;folk
Billy Strings;folk
Ravyn Lenae;rnb
Noname;Hip-Hop
Ryley Walker;seen live
The California Honeydrops;seen live
Gipsy Moon;terry seen live
Greener Grounds;
Cory Gunz;Hip-Hop
SuperVision;electronic
Mikey Thunder;
Unlimited Gravity;dubstep
The Party People;indie
Hieroglyphics;Hip-Hop
The Symbols;60s
Tula;electronic
Kaleido.;
Kiel Grove;
Antonio Lopez;
Kenny Lee Young;
Dada;rock
7Horse;rock
Trev Rich;
Trail;alternative rock
Jason Vigil;singer-songwriter
Big Jesus;Stoner Rock
Milemarker;post-hardcore
Authority Zero;punk
Allout Helter;melodic hardcore
Mykki Blanco;seen live
Cakes Da Killa;Hip-Hop
That Damn Sasquatch;indie
Old Salt Union;
Johnny Hickman;rockabilly
The Lil' Smokies;terry seen live
Dead Horses;folk
Billy Strings;folk
The California Honeydrops;seen live
audible;trance
Hieroglyphics;Hip-Hop
Reverend Horton Heat;psychobilly
Jello Biafra;punk
Supersuckers;rock
Reno Divorce;punk rock
MarchFourth!;
The Pimps Of Joytime;funk
Melvv;electronic
Whethan;pop
Trevor Hall;singer-songwriter
Dustin Thomas ;
Michael O'Connor;
Supersuckers;rock
Kenny Lee Young;
The Symbols;60s
The Sessh;
Sally Van Meter;bluegrass
The ZydeCoasters;
The Mile High Horns;
New Family Dog;
Silverplume;
Pink Talking Fish;
Trevor Hall;singer-songwriter
Said the Sky ;
Cane Hill;metalcore
Bad Omens;metalcore
The Infamous Stringdusters;bluegrass
Horseshoes and Hand Grenades;
Diplo;electronic
DJ Mustard;Hip-Hop
Donny Osmond;pop
Marie Osmond;country
Donny & Marie Osmond;
Crowbar;Sludge
Jennifer Lopez    ;
Dark Star Orchestra;seen live
Gregg Austin;
The Australian Bee Gees ;
Young Thug;Hip-Hop
Migos;Hip-Hop
Dan Fester;
Dada;rock
7Horse;rock
Brumby;indie
Brooks & Dunn;country
Reba McEntire;country
Diana Ross;soul
The Australian Bee Gees ;
Purple Reign;female vocalists
Donny Osmond;pop
Marie Osmond;country
Donny & Marie Osmond;
Blues Traveler;blues
Cher;pop
Truckstop Honeymoon;country
Skrillex;dubstep
Dillon Francis;moombahton
Datsik;dubstep
Crizzly;dubstep
Virtual Riot;dubstep
Coco Montoya;blues
The Australian Bee Gees ;
Donny Osmond;pop
Marie Osmond;country
Donny & Marie Osmond;
Cameo;funk
Purple Reign;female vocalists
Blues Traveler;blues
Thee Swank Bastards;under 2000 listeners
Flosstradamus;trap
Fat Joe;rap
Jefferson Starship;classic rock
Cher;pop
Bee Gees Gold;
Brooks & Dunn;country
Reba McEntire;country
Diana Ross;soul
Cathy Richardson ;
Jefferson Starship;classic rock
Michael Cavanaugh;seen live
Cameo;funk
Purple Reign;female vocalists
Jennifer Lopez    ;
Boyz II Men;rnb
Donny Osmond;pop
Marie Osmond;country
Donny & Marie Osmond;
The Bombpops;punk rock
Problem Daughter;punk
Hawthorne Heights;emo
Chuckie;House
Skrillex;dubstep
DJ Vice;electronica
Justin Credible;Mashup Artists
Yellow Claw;trap
Alan Walker;electronic
Bon Jovi;rock
Hippo Campus;indie pop
Hippo Campus;indie pop
Too Close To Touch;post-hardcore
Creeper;funk metal
Waterparks;pop punk
Billy Strings;folk
Alterbeast;Technical Death Metal
Aenimus;deathcore
Aethere;dark ambient
Depths Of Hatred;deathcore
Authority Zero;punk
Born Of Osiris;deathcore
Within The Ruins;metalcore
Volumes;DJENT
Oceans Ate Alaska;metalcore
Russ;rap
Fire From The Gods;deathcore
Thundercat;electronic
Alex & Sierra;cute
Willie Waldman Project;
The Holdup;reggae
Katastro;rock
Dada;rock
7Horse;rock
Big Jesus;Stoner Rock
Milemarker;post-hardcore
Nathan Spenser Revue;
SYNRGY;reggae
Jill Johnson;country
Otep;Nu Metal
Convalescence;metalcore
Ras Kass;Hip-Hop
Pharoahe Monch;Hip-Hop
The Brothers Comatose;seen live
Rainbow Girls;seen live
Carnage;death metal
Controlled Burn;
Allred;acoustic
Skillet;christian rock
Sick Puppies;alternative rock
Devour The Day;alternative rock
Brenton Wood;soul
Utah Symphony;
Chad Valley;chillwave
New Shack;
Computer Magic;synthpop
Scenic Byway;Hip-Hop
Burnell Washburn;
Stef Chura;seen live
Datsik;dubstep
Crizzly;dubstep
Virtual Riot;dubstep
Mykki Blanco;seen live
Cakes Da Killa;Hip-Hop
Utah Symphony;
Robben Ford;blues
Passafire;reggae
Rebelution;reggae
The Atlas Grove;
Stevie Nicks;female vocalists
The Pretenders;rock
Railroad Earth;bluegrass
Pert Near Sandstone;bluegrass
Ragged Union;
Hawthorne Heights;emo
Secondhand Serenade;acoustic
Kenny Holland;pop
Pacific Dub;reggae
Tunnel Vision;post-punk
Immolation ;death metal
Full of Hell;hardcore
JoJo;pop
Alejandro Escovedo;singer-songwriter
Crocodiles;shoegaze
AJ Davila y Terror Amor;
¡MAYDAY!;
Common Kings;reggae
From Indian Lakes;indie
Bad Suns;indie rock
Amigo the Devil;folk
Darkest Hour;metalcore
Rotten Sound;grindcore
Rivers of Nihil;Technical Death Metal
Ringworm;hardcore
Emmure;metalcore
After the Burial;metalcore
Fit For A King;metalcore
Fit For An Autopsy;deathcore
Invent, Animate;metalcore
The Groovement;
Turkuaz;funk
Eminence Ensemble;Soundtrack
Goodbye June;indie
The SteelDrivers;bluegrass
Little Big Town;country
Gil Gann;
Libby Koch;seen live
Chuck Hawthorne;
Confederate Railroad;country
Ladyhawke;electronic
Stop Light Observations;indie
All Them Witches;Stoner Rock
Diane Marino;jazz
Kyshona Armstrong;
Shannon LaBrie;pop
John Sutton Band;blues rock
Dave Isaacs;americana
Jamie Higdon;
The Dexateens;Southern Rock
Leroy Powell;blues
Gil Gann;
Steve'N'Seagulls;finnish
The SteelDrivers;bluegrass
Little Big Town;country
Libby Koch;seen live
Chuck Hawthorne;
on point;hardcore
Expire;hardcore
Homewrecker;hardcore
Hail The Sun;post-hardcore
Dayseeker;post-hardcore
Silent Planet;metalcore
Ghost Key;melodic hardcore
Manila Killa;mashup
Louis The Child;electronic
Arizona;indie
Kevin Garrett;electronic
Beth Garner;blues
Brett K Smith;
Dashboard Confessional;emo
Trevor Finlay;
The SteelDrivers;bluegrass
Jamie Higdon;
LaTresa & The Signal;
Jake Miller;rap
Spencer Sutherland;pop
Soul Radics;ska
Save Ferris;ska
Baby Baby;Afro-Punk
Daya;pop
Trevor Finlay;
Brett K Smith;
Trevor Finlay;
This Frontier Needs Heroes;folk
AJR;indie pop
Hailey Knox;pop
Jesse Daniel Edwards;
Dashboard Confessional;emo
Beth Garner;blues
Sting;rock
Joe Sumner;
The Last Bandoleros;seen live
Heidi Burson;
Les Kerr;All
LÉON;
Jacob Banks;soul
Cash'd Out;seen live
Khruangbin;seen live
The Shacks;indie
Altan;celtic
Eric Taylor;folk
The Mikey Needleman Band;
Hairball;seen live
¡MAYDAY!;
Common Kings;reggae
Randy Rogers Band;country
Immolation ;death metal
Full of Hell;hardcore
Ben Miller Band;bluegrass
Milemarker;post-hardcore
The Cured ;
Strangelove;britpop
Selwyn Birchwood;blues
Valerie June;folk
Oh Pep!;folk
The Sluts;punk
Black Tiger Sex Machine;electro
Dabin;dubstep
Kai Wachi;trap
Dada;rock
7Horse;rock
Darkest Hour;metalcore
Rotten Sound;grindcore
Rivers of Nihil;Technical Death Metal
Ringworm;hardcore
Every Time I Die;hardcore
Harm's Way;hardcore
Eternal Sleep;hardcore
Knocked Loose;hardcore
Nine Pound Shadow;unsigned
Electric Guest;indie pop
Dropkick Murphys;punk
The Interrupters;ska
Blood or Whiskey;irish
Daya;pop
The Japanese House;seen live
Pigeons Playing Ping Pong;funk
MONTU;Norman Music Festival
Bob Walkenhorst;folk
The Tambourine Club;Kansas City
Ne-Hi;indie
Lee Brice;country
Justin Moore;country
William Michael Morgan;country
Davina & The Vagabonds;
Crosseyed Cat;
The Cadillac Three;USA
Will Matthews;
Dead Horse Trauma;Nu Metal
Dirt;anarcho-punk
Fireside Collective;
Lee Fields & The Expressions;soul
Big Gigantic;electronic
Hotel Garuda;electronic
JoJo;pop
Elephante;Rock en Espanol
The Mikey Needleman Band;
Brantley Gilbert;country
Luke Combs;country
Tucker Beathard;
G Jones;trap
Cyrus Chestnut ;
ILLENIUM;electronic
Art Garfunkel  ;
The Mikey Needleman Band;
California Voodoo;
Jonathan Richman;indie
Govinda;chillout
Vince Staples;Hip-Hop
Kilo Kish;Hip-Hop
Voodoo Glow Skulls;ska
Cattle Decapitation;grindcore
Goatwhore;black metal
Whitechapel;deathcore
Allegaeon;Melodic Death Metal
Necromancing The Stone;heavy metal
Valkyrja;black metal
Jack & The Bear;
Balto;folk
Tabah;indie
Jerry Fee ;
Marty Haggard;country
AJJ;folk punk
Jimmy Eat World;rock
Suicidal Tendencies;hardcore
Havok;thrash metal
Crowbar;Sludge
Priests;punk rock
Migos;Hip-Hop
Gabriel Ayala;classical guitar
Murs;Hip-Hop
Marty Haggard;country
New Years Day;female vocalists
Attila;deathcore
Cane Hill;metalcore
Bad Omens;metalcore
The Staves;folk
Mikaela Davis ;
Marty Haggard;country
George Thorogood & The Destroyers;blues rock
Against Me!;punk
Paul Anka;swing
Martha Redbone;Neo-Soul
Dead Meadow;Stoner Rock
Marty Haggard;country
Barefoot;jazz
Katastro;rock
Black Bottom Lighters;
BIJOU;rock
Ghastly;black metal
Ookay;trap
DeGrazia Spanish Guitar Band;
Marty Haggard;country
DJ Ideal;Hip-Hop
Marty Haggard;country
Geoff Tate;Progressive rock
Lil Wyte;rap
Whitney Rose;country
JC & Laney;
Hello Dollface;
The Romeros;punk rock
Terell Stafford ;
Pierce The Veil ;
Falling In Reverse;post-hardcore
Crown The Empire;post-hardcore
Atoms Fall;rock
The Drums;indie
Blackalicious;Hip-Hop
Alex Wiley;Hip-Hop
Tribal Seeds;reggae
The Drums;indie
Aloha Radio;indie
Nattali Rize & Notis;reggae
Raging Fyah;reggae
Jay Som;dream pop
Ryanhood;seen live
Amanda Perez;rnb
Cattle Decapitation;grindcore
Goatwhore;black metal
Allegaeon;Melodic Death Metal
Necromancing The Stone;heavy metal
X;punk
North;Post-Metal
Darkest Hour;metalcore
Rotten Sound;grindcore
Tombs;Sludge
Rivers of Nihil;Technical Death Metal
Ringworm;hardcore
Wand;seen live
Mega Bog;seen live
Hand Habits;bedroom
Sick Puppies;alternative rock
Devour The Day;alternative rock
Maszer;alternative
Adelitas Way;alternative rock
Manafest;rapcore
The Black Moods;Rock Music
Letters From The Fire;alternative rock
Rickie Lee Jones;female vocalists
Madeleine Peyroux;jazz
Vasudeva;post-rock
Dance Gavin Dance;post-hardcore
Chon;math rock
Eidola;post-hardcore
Portugal. The Man ;
HDBeenDope;
Katchafire;reggae
Pure Bathing Culture;dream pop
Allison Crutchfield;seen live
Vagabon;indie rock
Dirty Bourbon River Show;seen live
Steve Junot;
Jennifer Nettles;country
The Fab Four;seen live
Anders Osborne;blues
Jon Cleary;blues
Foundation Of Funk;
Rebirth Brass Band;New Orleans
Big Sam's Funky Nation;funk
Johnny Mathis;oldies
(Hed) P.E.;rapcore
Flaw;Nu Metal
Motograter;Nu Metal
Jermal Watson;
NGHTMRE;trap
The Chee Weez;
Vincent Marini;
Iron Reagan;crossover
Power Trip;crossover
Sista Otis;
Worx;electronic
Brass-A-Holics;
Leroy Jones;jazz
Sticky Fingers;australian
Galactic;funk
Rebirth Brass Band;New Orleans
Big Sam's Funky Nation;funk
MadLove;alternative rock
MainLine;metalcore
Henry Turner Jr. and Flavor;
Madison;heavy metal
Jon Langston;country
Adventure Club;dubstep
Krewella;dubstep
Pierce Fulton;dance
Bear Grillz;dubstep
Joyryde;House
Alan Walker;electronic
Borgore;dubstep
Buffalo;hard rock
MainLine;metalcore
George Porter Jr.;New Orleans
Johnny Vidacovich;seen live
Joe Krown Trio;
Eric Bloom;hard rock
The Soul Rebels;New Orleans
El Ten Eleven;post-rock
Funk Monkey;
Big Sam's Funky Nation;funk
Dumpstaphunk;funk
Corey Henry ;
Corey Henry's Treme Funktet;
DJ Scene;hip hop
Mannie Fresh;rap
Flow Tribe;considerably better live
LÉON;
Jacob Banks;soul
SKisM;dubstep
TrollPhace;dubstep
Trampa;dubstep
The Soul Rebels;New Orleans
Galactic;funk
Big Sam's Funky Nation;funk
The New Orleans Suspects;james brown
Tank and the Bangas;soul
Krewella;dubstep
Bear Grillz;dubstep
Alan Walker;electronic
Juvenile;rap
Mystikal;Hip-Hop
Kidd Love;
Marc Stone;
Marc Stone;
Steve Junot;
Priests;punk rock
Lena Prima;
The Max Allen Band;
Jamestown Revival ;
The Record Company;blues rock
Smooth Hound Smith;folk
Lost Elysium;hard rock
Jerry's Little Band;
Spookfloaters;
Sister Hazel;rock
Who's Bad;seen live
Jahman Brahman;Jam
ZZ Top;classic rock
Anthony Brown & group therAPy;
Jonathan McReynolds;gospel
Travis Greene;gospel
Get The Led Out;
Jack Ingram ;
Elise Davis;indie
My Yellow Rickshaw ;
Big Atomic;Southern Rock
Earphorik;
HYRYDER;
Jahman Brahman;Jam
Rockin' Horse Band;
Howard Brothers Band;blues
Lily & Madeleine;indie
Here Come the Mummies;funk
Noah Guthrie;youtube
Wild Adriatic;rock
Brantley Gilbert;country
Luke Combs;country
Tucker Beathard;
Brian Davis;Video Game Metal
The Verbs;rock
Ne-Hi;indie
Lil' Ed & The Blues Imperials;
The JiMiller Band;
Chris Botti;jazz
Columbus Symphony Orchestra;
Delbert McClinton;blues
Chris Dollar;
The Head and the Heart;folk
Whitney;seen live
Led Zeppelin 2;
Chief Keef;Hip-Hop
Kane Brown;country
Lanco;pop
The Misty Mountain String Band;folk
The Jenkins Twins;
HYRYDER;
Bad Dagger;
Calabash;dance
800 lb. Gorilla;
Cowgirl;alternative
Juvenile;rap
The Schwag;seen live
Old Shoe;
Allie Kral;
Savoy;norwegian
Vanessa Carlton;pop
Tristen;indie
The Tillers;seen live
Fantasia   ;
Charlie Wilson;rnb
Johnny Gill;rnb
Farmer Jason;kids
Kathy Mattea;country
Brandon Whyde;indie
Wood & Wire;
Wussy;indie rock
Abiyah;under 2000 listeners
MaybeLater;
Lake Street Dive;soul
Joey Dosik;soul
Action Jackson;synthwave
Lemi Vice;
Mickey Avalon;Hip-Hop
VON Strantz;
Decadent Nation;rock
The Royal Furs;
Fantasia   ;
Charlie Wilson;rnb
Johnny Gill;rnb
Shiver;Psychedelic Rock
Jeremiah Johnson Band;blues
Aaron Lewis;alternative rock
Pope;punk rock
Eli Young Band;country
Mad Libby;
Leslie Sanazaro;indie
Funky Butt Brass Band;under 100 listeners
Jeremiah Johnson Band;blues
Aaron Kamm and The One Drops;reggae
Rob Lemon;electro house
Mo Egeston;mo e all-stars
Colt Ford;country rap
Ravyn Lenae;rnb
Noname;Hip-Hop
Cash'd Out;seen live
Youth In Revolt;post-hardcore
Reverie;black metal
Stef Chura;seen live
Vasudeva;post-rock
Dance Gavin Dance;post-hardcore
Chon;math rock
Eidola;post-hardcore
Emily Wallace;
The Sleepy Rubies;
The Record Company;blues rock
Smooth Hound Smith;folk
Mirah;indie
Sammy Adams;Hip-Hop
Funky Butt Brass Band;under 100 listeners
Shovels & Rope;seen live
John Moreland;Alt-country
Fireside Collective;
Aaron Lee Tasjan;Alt-country
St. Paul and The Broken Bones;soul
Davina & The Vagabonds;
Corey Smith;folk rock
Lotus;electronic
Pigeons Playing Ping Pong;funk
Tift Merritt;Alt-country
Sera Cahoone;folk
Sister Hazel;rock
Fireside Collective;
Wide Awake;hardcore
Shapist;metalcore
Diarrhea Planet;punk
Lee Brice;country
Justin Moore;country
William Michael Morgan;country
The Schwag;seen live
G Jones;trap
Aaron Kamm and The One Drops;reggae
SuperJam;
Jonathan Richman;indie
The Lox;rap
Dear Tatiana;
Sierra Hull;bluegrass
Canaan Smith;country
Scene of Irony;I think I peed a little
Bullseye Womprats;
Jake's Leg;
Devendra Banhart;folk
H. Hawkline;psychedelic
Big Gigantic;electronic
Brasstracks;
Eisley;indie
Paper Route;indie
Matt Pryor (Get Up Kids);
Dan Andriano In The Emergency Room;acoustic
Daye Jack;Hip-Hop
Sticky Fingers;australian
K.Flay;Hip-Hop
Stephen Lynch;comedy
Muddy Magnolias;soul
Devendra Banhart;folk
H. Hawkline;psychedelic
Al Smith;blues
Gregg Erwin;
McLovins;seen live
Candlebox;Grunge
The Griswolds;indie
Robert Ellis ;
Lost Elysium;hard rock
Elizabeth Cook;country
Quaker City Night Hawks;Southern Rock
The Cadillac Three;USA
Us The Duo;Soundtrack
Hailey Knox;pop
Cosmic Charlie;
Project Pat;rap
Juicy J;Hip-Hop
Belly;alternative
Joe Buck Yourself;cowpunk
Gregg Erwin;
Dierks Bentley ;
Cole Swindell;country
Jon Pardi;country
Cayetana;indie rock
Mikey Erg;seen live
Sick Of It All;hardcore
Lemuria;pop punk
Colin Hay;acoustic
Tab Benoit;blues
Col. Bruce Hampton;40watt Club
(Hed) P.E.;rapcore
Flaw;Nu Metal
Motograter;Nu Metal
Brent Cobb;country
Nikki Lane;country
Jonathan Tyler;rock
BoomBox;funk
Marvel Years;electronic
Trademark;pop
Zydefunk;
Blair Crimmins and The Hookers;jazz
Jon Stickley Trio;jazz
Banditos;Hardtek
The Orange Constant;
Little Bird;House
Morning Fatty;reggae
Martina McBride ;country
Lauren Alaina;country
The FA-Q Alliance;
Colin Hay;acoustic
Polyphia;Progressive metal
Pepper;reggae
Less Than Jake;ska
Set Your Goals;pop punk
Can't Swim;pop punk
Hard Luck And Trouble;
Righteous Vendetta;metalcore
Loudon Wainwright III;folk
Peter Bradley Adams;singer-songwriter
Tab Benoit;blues
Cody Webb;country
Powers;pop
Manila Killa;mashup
Louis The Child;electronic

